{
  "properties": [
    {
      "name": "spring.Hibernate ddl auto (create, create-drop, update)",
      "type": "java.lang.String",
      "description": "Description for spring.Hibernate ddl auto (create, create-drop, update)."
    },
    {
      "name": "jwt.header",
      "type": "java.lang.String",
      "description": "Description for jwt.header."
    },
    {
      "name": "jwt.route.authentication.path",
      "type": "java.lang.String",
      "description": "Description for jwt.route.authentication.path."
    },
    {
      "name": "jwt.prefijo",
      "type": "java.lang.String",
      "description": "Description for jwt.prefijo."
    }

  ] }